1,Joe,Smith,22,Jim,Smith,joe@email.com,password
2,Ann,Smith,43,Jim,Smith,Ann@gmail.com,password
3,Ed,Jones,32,Mary,555-5555,ed@gmail.com,password
4,Fred,Thomas,23,Tim,353-8736,fred@gmail.com,password
5,Adam,Hall,34,Rene,738-8473,adam@gmail.com,password
6,Alice,Brown,23,Rebecca,349-7454,alice@gmail.com,password
7,Hannah,Wells,34,Tom,345-4556,hannah@gmail.com,password
8,Daniel,Alvarez,23,Kelly,483-8843,daniel@gmail.com,password
9,Kelly,Jones,28,Susan,395-7584,kelly@gmail.com,password
10,Lauren,Mehta,32,Abi,938-8445,lauren@gmail.com,password
11,Abi,Mehta,32,Lauren,343-3443,abi@gmail.com,password
12,George,Washingtom,23,Mary,949-9484,george@gmail.com,password
13,Pat,Harris,23,Tara,343-4434,pat@gmail.com,password
14,Alex,Brady,34,Amy,847-8474,tom@gmail.com,password
15,Michael,Jordan,23,Linda,947-8578,michael@gmail.com,password
16,a,a,a,a,a,a,a
17,Cynthia,Padron,22,Cindy,123,me@me.com,cindy
18,cindy,padron,22,cindy,2242424242,me@me.com,cindy